id;il_kod;kod;ad
1;1;1104;SEYHAN
2;1;1219;CEYHAN
3;1;1329;FEKE
4;1;1437;KARAİSALI
5;1;1443;KARATAŞ
6;1;1486;KOZAN
7;1;1580;POZANTI
8;1;1588;SAİMBEYLİ
9;1;1687;TUFANBEYLİ
10;1;1734;YUMURTALIK
11;1;1748;YÜREĞİR
12;1;1757;ALADAĞ
13;1;1806;İMAMOĞLU
14;1;2032;SARIÇAM
15;1;2033;ÇUKUROVA
16;2;1105;MERKEZ
17;2;1182;BESNİ
18;2;1246;ÇELİKHAN
19;2;1347;GERGER
20;2;1354;GÖLBAŞI
21;2;1425;KAHTA
22;2;1592;SAMSAT
23;2;1985;SİNCİK
24;2;1989;TUT
25;3;1108;MERKEZ
26;3;1200;BOLVADİN
27;3;1239;ÇAY
28;3;1267;DAZKIRI
29;3;1281;DİNAR
30;3;1306;EMİRDAĞ
31;3;1404;İHSANİYE
32;3;1594;SANDIKLI
33;3;1626;SİNANPAŞA
34;3;1639;SULTANDAĞI
35;3;1664;ŞUHUT
36;3;1771;BAŞMAKÇI
37;3;1773;BAYAT
38;3;1809;İSCEHİSAR
39;3;1906;ÇOBANLAR
40;3;1923;EVCİLER
41;3;1944;HOCALAR
42;3;1961;KIZILÖREN
43;4;1111;MERKEZ
44;4;1283;DİYADİN
45;4;1287;DOĞUBAYAZIT
46;4;1301;ELEŞKİRT
47;4;1379;HAMUR
48;4;1568;PATNOS
49;4;1667;TAŞLIÇAY
50;4;1691;TUTAK
51;5;1134;MERKEZ
52;5;1363;GÖYNÜCEK
53;5;1368;GÜMÜŞHACIKÖY
54;5;1524;MERZİFON
55;5;1641;SULUOVA
56;5;1668;TAŞOVA
57;5;1938;HAMAMÖZÜ
58;6;1130;ALTINDAĞ
59;6;1157;AYAŞ
60;6;1167;BALA
61;6;1187;BEYPAZARI
62;6;1227;ÇAMLIDERE
63;6;1231;ÇANKAYA
64;6;1260;ÇUBUK
65;6;1302;ELMADAĞ
66;6;1365;GÜDÜL
67;6;1387;HAYMANA
68;6;1427;KALECİK
69;6;1473;KIZILCAHAMAM
70;6;1539;NALLIHAN
71;6;1578;POLATLI
72;6;1658;ŞEREFLİKOÇHİSAR
73;6;1723;YENİMAHALLE
74;6;1744;GÖLBAŞI
75;6;1745;KEÇİÖREN
76;6;1746;MAMAK
77;6;1747;SİNCAN
78;6;1815;KAHRAMANKAZAN
79;6;1872;AKYURT
80;6;1922;ETİMESGUT
81;6;1924;EVREN
82;6;2034;PURSAKLAR
83;7;1121;AKSEKİ
84;7;1126;ALANYA
85;7;1303;ELMALI
86;7;1333;FİNİKE
87;7;1337;GAZİPAŞA
88;7;1370;GÜNDOĞMUŞ
89;7;1451;KAŞ
90;7;1483;KORKUTELİ
91;7;1492;KUMLUCA
92;7;1512;MANAVGAT
93;7;1616;SERİK
94;7;1811;DEMRE
95;7;1946;İBRADI
96;7;1959;KEMER
97;7;2035;AKSU
98;7;2036;DÖŞEMEALTI
99;7;2037;KEPEZ
100;7;2038;KONYAALTI
101;7;2039;MURATPAŞA
102;8;1145;ARDANUÇ
103;8;1147;ARHAVİ
104;8;1152;MERKEZ
105;8;1202;BORÇKA
106;8;1395;HOPA
107;8;1653;ŞAVŞAT
108;8;1736;YUSUFELİ
109;8;1828;MURGUL
110;8;2105;KEMALPAŞA
111;9;1206;BOZDOĞAN
112;9;1256;ÇİNE
113;9;1348;GERMENCİK
114;9;1435;KARACASU
115;9;1479;KOÇARLI
116;9;1497;KUŞADASI
117;9;1498;KUYUCAK
118;9;1542;NAZİLLİ
119;9;1637;SÖKE
120;9;1640;SULTANHİSAR
121;9;1724;YENİPAZAR
122;9;1781;BUHARKENT
123;9;1807;İNCİRLİOVA
124;9;1957;KARPUZLU
125;9;1968;KÖŞK
126;9;2000;DİDİM
127;9;2076;EFELER
128;10;1161;AYVALIK
129;10;1169;BALYA
130;10;1171;BANDIRMA
131;10;1191;BİGADİÇ
132;10;1216;BURHANİYE
133;10;1291;DURSUNBEY
134;10;1294;EDREMİT
135;10;1310;ERDEK
136;10;1360;GÖNEN
137;10;1384;HAVRAN
138;10;1418;İVRİNDİ
139;10;1462;KEPSUT
140;10;1514;MANYAS
141;10;1608;SAVAŞTEPE
142;10;1619;SINDIRGI
143;10;1644;SUSURLUK
144;10;1824;MARMARA
145;10;1928;GÖMEÇ
146;10;2077;ALTIEYLÜL
147;10;2078;KARESİ
148;11;1192;MERKEZ
149;11;1210;BOZÜYÜK
150;11;1359;GÖLPAZARI
151;11;1559;OSMANELİ
152;11;1571;PAZARYERİ
153;11;1636;SÖĞÜT
154;11;1857;YENİPAZAR
155;11;1948;İNHİSAR
156;12;1193;MERKEZ
157;12;1344;GENÇ
158;12;1446;KARLIOVA
159;12;1475;KİĞI
160;12;1633;SOLHAN
161;12;1750;ADAKLI
162;12;1855;YAYLADERE
163;12;1996;YEDİSU
164;13;1106;ADİLCEVAZ
165;13;1112;AHLAT
166;13;1196;MERKEZ
167;13;1394;HİZAN
168;13;1537;MUTKİ
169;13;1669;TATVAN
170;13;1798;GÜROYMAK
171;14;1199;MERKEZ
172;14;1346;GEREDE
173;14;1364;GÖYNÜK
174;14;1466;KIBRISCIK
175;14;1522;MENGEN
176;14;1531;MUDURNU
177;14;1610;SEBEN
178;14;1916;DÖRTDİVAN
179;14;1997;YENİÇAĞA
180;15;1109;AĞLASUN
181;15;1211;BUCAK
182;15;1215;MERKEZ
183;15;1357;GÖLHİSAR
184;15;1672;TEFENNİ
185;15;1728;YEŞİLOVA
186;15;1813;KARAMANLI
187;15;1816;KEMER
188;15;1874;ALTINYAYLA
189;15;1899;ÇAVDIR
190;15;1903;ÇELTİKÇİ
191;16;1343;GEMLİK
192;16;1411;İNEGÖL
193;16;1420;İZNİK
194;16;1434;KARACABEY
195;16;1457;KELES
196;16;1530;MUDANYA
197;16;1535;MUSTAFAKEMALPAŞA
198;16;1553;ORHANELİ
199;16;1554;ORHANGAZİ
200;16;1725;YENİŞEHİR
201;16;1783;BÜYÜKORHAN
202;16;1799;HARMANCIK
203;16;1829;NİLÜFER
204;16;1832;OSMANGAZİ
205;16;1859;YILDIRIM
206;16;1935;GÜRSU
207;16;1960;KESTEL
208;17;1160;AYVACIK
209;17;1180;BAYRAMİÇ
210;17;1190;BİGA
211;17;1205;BOZCAADA
212;17;1229;ÇAN
213;17;1230;MERKEZ
214;17;1293;ECEABAT
215;17;1326;EZİNE
216;17;1340;GELİBOLU
217;17;1408;GÖKÇEADA
218;17;1503;LAPSEKİ
219;17;1722;YENİCE
220;18;1232;MERKEZ
221;18;1248;ÇERKEŞ
222;18;1300;ELDİVAN
223;18;1399;ILGAZ
224;18;1494;KURŞUNLU
225;18;1555;ORTA
226;18;1649;ŞABANÖZÜ
227;18;1718;YAPRAKLI
228;18;1765;ATKARACALAR
229;18;1817;KIZILIRMAK
230;18;1885;BAYRAMÖREN
231;18;1963;KORGUN
232;19;1124;ALACA
233;19;1177;BAYAT
234;19;1259;MERKEZ
235;19;1414;İSKİLİP
236;19;1445;KARGI
237;19;1520;MECİTÖZÜ
238;19;1556;ORTAKÖY
239;19;1558;OSMANCIK
240;19;1642;SUNGURLU
241;19;1778;BOĞAZKALE
242;19;1850;UĞURLUDAĞ
243;19;1911;DODURGA
244;19;1972;LAÇİN
245;19;1976;OĞUZLAR
246;20;1102;ACIPAYAM
247;20;1214;BULDAN
248;20;1224;ÇAL
249;20;1226;ÇAMELİ
250;20;1233;ÇARDAK
251;20;1257;ÇİVRİL
252;20;1371;GÜNEY
253;20;1426;KALE
254;20;1597;SARAYKÖY
255;20;1670;TAVAS
256;20;1769;BABADAĞ
257;20;1774;BEKİLLİ
258;20;1803;HONAZ
259;20;1840;SERİNHİSAR
260;20;1871;PAMUKKALE
261;20;1881;BAKLAN
262;20;1888;BEYAĞAÇ
263;20;1889;BOZKURT
264;20;2079;MERKEZEFENDİ
265;21;1195;BİSMİL
266;21;1249;ÇERMİK
267;21;1253;ÇINAR
268;21;1263;ÇÜNGÜŞ
269;21;1278;DİCLE
270;21;1315;ERGANİ
271;21;1381;HANİ
272;21;1389;HAZRO
273;21;1490;KULP
274;21;1504;LİCE
275;21;1624;SİLVAN
276;21;1791;EĞİL
277;21;1962;KOCAKÖY
278;21;2040;BAĞLAR
279;21;2041;KAYAPINAR
280;21;2042;SUR
281;21;2043;YENİŞEHİR
282;22;1295;MERKEZ
283;22;1307;ENEZ
284;22;1385;HAVSA
285;22;1412;İPSALA
286;22;1464;KEŞAN
287;22;1502;LALAPAŞA
288;22;1523;MERİÇ
289;22;1705;UZUNKÖPRÜ
290;22;1988;SÜLOĞLU
291;23;1110;AĞIN
292;23;1173;BASKİL
293;23;1298;MERKEZ
294;23;1438;KARAKOÇAN
295;23;1455;KEBAN
296;23;1506;MADEN
297;23;1566;PALU
298;23;1631;SİVRİCE
299;23;1762;ARICAK
300;23;1820;KOVANCILAR
301;23;1873;ALACAKAYA
302;24;1243;ÇAYIRLI
303;24;1318;MERKEZ
304;24;1406;İLİÇ
305;24;1459;KEMAH
306;24;1460;KEMALİYE
307;24;1583;REFAHİYE
308;24;1675;TERCAN
309;24;1853;ÜZÜMLÜ
310;24;1977;OTLUKBELİ
311;25;1153;AŞKALE
312;25;1235;ÇAT
313;25;1392;HINIS
314;25;1396;HORASAN
315;25;1416;İSPİR
316;25;1444;KARAYAZI
317;25;1540;NARMAN
318;25;1550;OLTU
319;25;1551;OLUR
320;25;1567;PASİNLER
321;25;1657;ŞENKAYA
322;25;1674;TEKMAN
323;25;1683;TORTUM
324;25;1812;KARAÇOBAN
325;25;1851;UZUNDERE
326;25;1865;PAZARYOLU
327;25;1945;AZİZİYE
328;25;1967;KÖPRÜKÖY
329;25;2044;PALANDÖKEN
330;25;2045;YAKUTİYE
331;26;1255;ÇİFTELER
332;26;1508;MAHMUDİYE
333;26;1527;MİHALIÇÇIK
334;26;1599;SARICAKAYA
335;26;1618;SEYİTGAZİ
336;26;1632;SİVRİHİSAR
337;26;1759;ALPU
338;26;1777;BEYLİKOVA
339;26;1808;İNÖNÜ
340;26;1934;GÜNYÜZÜ
341;26;1939;HAN
342;26;1973;MİHALGAZİ
343;26;2046;ODUNPAZARI
344;26;2047;TEPEBAŞI
345;27;1139;ARABAN
346;27;1415;İSLAHİYE
347;27;1546;NİZİP
348;27;1549;OĞUZELİ
349;27;1720;YAVUZELİ
350;27;1841;ŞAHİNBEY
351;27;1844;ŞEHİTKAMİL
352;27;1956;KARKAMIŞ
353;27;1974;NURDAĞI
354;28;1133;ALUCRA
355;28;1212;BULANCAK
356;28;1272;DERELİ
357;28;1320;ESPİYE
358;28;1324;EYNESİL
359;28;1352;MERKEZ
360;28;1361;GÖRELE
361;28;1465;KEŞAP
362;28;1654;ŞEBİNKARAHİSAR
363;28;1678;TİREBOLU
364;28;1837;PİRAZİZ
365;28;1854;YAĞLIDERE
366;28;1893;ÇAMOLUK
367;28;1894;ÇANAKÇI
368;28;1912;DOĞANKENT
369;28;1930;GÜCE
370;29;1369;MERKEZ
371;29;1458;KELKİT
372;29;1660;ŞİRAN
373;29;1684;TORUL
374;29;1822;KÖSE
375;29;1971;KÜRTÜN
376;30;1261;ÇUKURCA
377;30;1377;MERKEZ
378;30;1656;ŞEMDİNLİ
379;30;1737;YÜKSEKOVA
380;30;2107;DERECİK
381;31;1131;ALTINÖZÜ
382;31;1289;DÖRTYOL
383;31;1382;HASSA
384;31;1413;İSKENDERUN
385;31;1468;KIRIKHAN
386;31;1585;REYHANLI
387;31;1591;SAMANDAĞ
388;31;1721;YAYLADAĞI
389;31;1792;ERZİN
390;31;1887;BELEN
391;31;1970;KUMLU
392;31;2080;ANTAKYA
393;31;2081;ARSUZ
394;31;2082;DEFNE
395;31;2083;PAYAS
396;32;1154;ATABEY
397;32;1297;EĞİRDİR
398;32;1341;GELENDOST
399;32;1401;MERKEZ
400;32;1456;KEÇİBORLU
401;32;1615;SENİRKENT
402;32;1648;SÜTÇÜLER
403;32;1651;ŞARKİKARAAĞAÇ
404;32;1699;ULUBORLU
405;32;1717;YALVAÇ
406;32;1755;AKSU
407;32;1929;GÖNEN
408;32;2001;YENİŞARBADEMLİ
409;33;1135;ANAMUR
410;33;1311;ERDEMLİ
411;33;1366;GÜLNAR
412;33;1536;MUT
413;33;1621;SİLİFKE
414;33;1665;TARSUS
415;33;1766;AYDINCIK
416;33;1779;BOZYAZI
417;33;1892;ÇAMLIYAYLA
418;33;2064;AKDENİZ
419;33;2065;MEZİTLİ
420;33;2066;TOROSLAR
421;33;2067;YENİŞEHİR
422;34;1103;ADALAR
423;34;1166;BAKIRKÖY
424;34;1183;BEŞİKTAŞ
425;34;1185;BEYKOZ
426;34;1186;BEYOĞLU
427;34;1237;ÇATALCA
428;34;1325;EYÜPSULTAN
429;34;1327;FATİH
430;34;1336;GAZİOSMANPAŞA
431;34;1421;KADIKÖY
432;34;1449;KARTAL
433;34;1604;SARIYER
434;34;1622;SİLİVRİ
435;34;1659;ŞİLE
436;34;1663;ŞİŞLİ
437;34;1708;ÜSKÜDAR
438;34;1739;ZEYTİNBURNU
439;34;1782;BÜYÜKÇEKMECE
440;34;1810;KAĞITHANE
441;34;1823;KÜÇÜKÇEKMECE
442;34;1835;PENDİK
443;34;1852;ÜMRANİYE
444;34;1886;BAYRAMPAŞA
445;34;2003;AVCILAR
446;34;2004;BAĞCILAR
447;34;2005;BAHÇELİEVLER
448;34;2010;GÜNGÖREN
449;34;2012;MALTEPE
450;34;2014;SULTANBEYLİ
451;34;2015;TUZLA
452;34;2016;ESENLER
453;34;2048;ARNAVUTKÖY
454;34;2049;ATAŞEHİR
455;34;2050;BAŞAKŞEHİR
456;34;2051;BEYLİKDÜZÜ
457;34;2052;ÇEKMEKÖY
458;34;2053;ESENYURT
459;34;2054;SANCAKTEPE
460;34;2055;SULTANGAZİ
461;35;1128;ALİAĞA
462;35;1178;BAYINDIR
463;35;1181;BERGAMA
464;35;1203;BORNOVA
465;35;1251;ÇEŞME
466;35;1280;DİKİLİ
467;35;1334;FOÇA
468;35;1432;KARABURUN
469;35;1448;KARŞIYAKA
470;35;1461;KEMALPAŞA
471;35;1467;KINIK
472;35;1477;KİRAZ
473;35;1521;MENEMEN
474;35;1563;ÖDEMİŞ
475;35;1611;SEFERİHİSAR
476;35;1612;SELÇUK
477;35;1677;TİRE
478;35;1682;TORBALI
479;35;1703;URLA
480;35;1776;BEYDAĞ
481;35;1780;BUCA
482;35;1819;KONAK
483;35;1826;MENDERES
484;35;2006;BALÇOVA
485;35;2007;ÇİĞLİ
486;35;2009;GAZİEMİR
487;35;2013;NARLIDERE
488;35;2018;GÜZELBAHÇE
489;35;2056;BAYRAKLI
490;35;2057;KARABAĞLAR
491;36;1149;ARPAÇAY
492;36;1279;DİGOR
493;36;1424;KAĞIZMAN
494;36;1447;MERKEZ
495;36;1601;SARIKAMIŞ
496;36;1614;SELİM
497;36;1645;SUSUZ
498;36;1756;AKYAKA
499;37;1101;ABANA
500;37;1140;ARAÇ
501;37;1162;AZDAVAY
502;37;1208;BOZKURT
503;37;1221;CİDE
504;37;1238;ÇATALZEYTİN
505;37;1264;DADAY
506;37;1277;DEVREKANİ
507;37;1410;İNEBOLU
508;37;1450;MERKEZ
509;37;1499;KÜRE
510;37;1666;TAŞKÖPRÜ
511;37;1685;TOSYA
512;37;1805;İHSANGAZİ
513;37;1836;PINARBAŞI
514;37;1845;ŞENPAZAR
515;37;1867;AĞLI
516;37;1915;DOĞANYURT
517;37;1940;HANÖNÜ
518;37;1984;SEYDİLER
519;38;1218;BÜNYAN
520;38;1275;DEVELİ
521;38;1330;FELAHİYE
522;38;1409;İNCESU
523;38;1576;PINARBAŞI
524;38;1603;SARIOĞLAN
525;38;1605;SARIZ
526;38;1680;TOMARZA
527;38;1715;YAHYALI
528;38;1727;YEŞİLHİSAR
529;38;1752;AKKIŞLA
530;38;1846;TALAS
531;38;1863;KOCASİNAN
532;38;1864;MELİKGAZİ
533;38;1936;HACILAR
534;38;1978;ÖZVATAN
535;39;1163;BABAESKİ
536;39;1270;DEMİRKÖY
537;39;1471;MERKEZ
538;39;1480;KOFÇAZ
539;39;1505;LÜLEBURGAZ
540;39;1572;PEHLİVANKÖY
541;39;1577;PINARHİSAR
542;39;1714;VİZE
543;40;1254;ÇİÇEKDAĞI
544;40;1429;KAMAN
545;40;1472;MERKEZ
546;40;1529;MUCUR
547;40;1754;AKPINAR
548;40;1869;AKÇAKENT
549;40;1890;BOZTEPE
550;41;1338;GEBZE
551;41;1355;GÖLCÜK
552;41;1430;KANDIRA
553;41;1440;KARAMÜRSEL
554;41;1821;KÖRFEZ
555;41;2030;DERİNCE
556;41;2058;BAŞİSKELE
557;41;2059;ÇAYIROVA
558;41;2060;DARICA
559;41;2061;DİLOVASI
560;41;2062;İZMİT
561;41;2063;KARTEPE
562;42;1122;AKŞEHİR
563;42;1188;BEYŞEHİR
564;42;1207;BOZKIR
565;42;1222;CİHANBEYLİ
566;42;1262;ÇUMRA
567;42;1285;DOĞANHİSAR
568;42;1312;EREĞLİ
569;42;1375;HADİM
570;42;1400;ILGIN
571;42;1422;KADINHANI
572;42;1441;KARAPINAR
573;42;1491;KULU
574;42;1598;SARAYÖNÜ
575;42;1617;SEYDİŞEHİR
576;42;1735;YUNAK
577;42;1753;AKÖREN
578;42;1760;ALTINEKİN
579;42;1789;DEREBUCAK
580;42;1804;HÜYÜK
581;42;1814;KARATAY
582;42;1827;MERAM
583;42;1839;SELÇUKLU
584;42;1848;TAŞKENT
585;42;1868;AHIRLI
586;42;1902;ÇELTİK
587;42;1907;DERBENT
588;42;1920;EMİRGAZİ
589;42;1933;GÜNEYSINIR
590;42;1937;HALKAPINAR
591;42;1990;TUZLUKÇU
592;42;1994;YALIHÜYÜK
593;43;1132;ALTINTAŞ
594;43;1288;DOMANİÇ
595;43;1304;EMET
596;43;1339;GEDİZ
597;43;1500;MERKEZ
598;43;1625;SİMAV
599;43;1671;TAVŞANLI
600;43;1764;ASLANAPA
601;43;1790;DUMLUPINAR
602;43;1802;HİSARCIK
603;43;1843;ŞAPHANE
604;43;1898;ÇAVDARHİSAR
605;43;1979;PAZARLAR
606;44;1114;AKÇADAĞ
607;44;1143;ARAPGİR
608;44;1148;ARGUVAN
609;44;1265;DARENDE
610;44;1286;DOĞANŞEHİR
611;44;1390;HEKİMHAN
612;44;1582;PÜTÜRGE
613;44;1729;YEŞİLYURT
614;44;1772;BATTALGAZİ
615;44;1914;DOĞANYOL
616;44;1953;KALE
617;44;1969;KULUNCAK
618;44;1995;YAZIHAN
619;45;1118;AKHİSAR
620;45;1127;ALAŞEHİR
621;45;1269;DEMİRCİ
622;45;1362;GÖRDES
623;45;1470;KIRKAĞAÇ
624;45;1489;KULA
625;45;1590;SALİHLİ
626;45;1600;SARIGÖL
627;45;1606;SARUHANLI
628;45;1613;SELENDİ
629;45;1634;SOMA
630;45;1689;TURGUTLU
631;45;1751;AHMETLİ
632;45;1793;GÖLMARMARA
633;45;1965;KÖPRÜBAŞI
634;45;2086;ŞEHZADELER
635;45;2087;YUNUSEMRE
636;46;1107;AFŞİN
637;46;1136;ANDIRIN
638;46;1299;ELBİSTAN
639;46;1353;GÖKSUN
640;46;1570;PAZARCIK
641;46;1694;TÜRKOĞLU
642;46;1785;ÇAĞLAYANCERİT
643;46;1919;EKİNÖZÜ
644;46;1975;NURHAK
645;46;2084;DULKADİROĞLU
646;46;2085;ONİKİŞUBAT
647;47;1273;DERİK
648;47;1474;KIZILTEPE
649;47;1519;MAZIDAĞI
650;47;1526;MİDYAT
651;47;1547;NUSAYBİN
652;47;1564;ÖMERLİ
653;47;1609;SAVUR
654;47;1787;DARGEÇİT
655;47;2002;YEŞİLLİ
656;47;2088;ARTUKLU
657;48;1197;BODRUM
658;48;1266;DATÇA
659;48;1331;FETHİYE
660;48;1488;KÖYCEĞİZ
661;48;1517;MARMARİS
662;48;1528;MİLAS
663;48;1695;ULA
664;48;1719;YATAĞAN
665;48;1742;DALAMAN
666;48;1831;ORTACA
667;48;1958;KAVAKLIDERE
668;48;2089;MENTEŞE
669;48;2090;SEYDİKEMER
670;49;1213;BULANIK
671;49;1510;MALAZGİRT
672;49;1534;MERKEZ
673;49;1711;VARTO
674;49;1801;HASKÖY
675;49;1964;KORKUT
676;50;1155;AVANOS
677;50;1274;DERİNKUYU
678;50;1367;GÜLŞEHİR
679;50;1374;HACIBEKTAŞ
680;50;1485;KOZAKLI
681;50;1543;MERKEZ
682;50;1707;ÜRGÜP
683;50;1749;ACIGÖL
684;51;1201;BOR
685;51;1225;ÇAMARDI
686;51;1544;MERKEZ
687;51;1700;ULUKIŞLA
688;51;1876;ALTUNHİSAR
689;51;1904;ÇİFTLİK
690;52;1119;AKKUŞ
691;52;1158;AYBASTI
692;52;1328;FATSA
693;52;1358;GÖLKÖY
694;52;1482;KORGAN
695;52;1493;KUMRU
696;52;1525;MESUDİYE
697;52;1573;PERŞEMBE
698;52;1696;ULUBEY
699;52;1706;ÜNYE
700;52;1795;GÜLYALI
701;52;1797;GÜRGENTEPE
702;52;1891;ÇAMAŞ
703;52;1897;ÇATALPINAR
704;52;1900;ÇAYBAŞI
705;52;1947;İKİZCE
706;52;1950;KABADÜZ
707;52;1951;KABATAŞ
708;52;2103;ALTINORDU
709;53;1146;ARDEŞEN
710;53;1228;ÇAMLIHEMŞİN
711;53;1241;ÇAYELİ
712;53;1332;FINDIKLI
713;53;1405;İKİZDERE
714;53;1428;KALKANDERE
715;53;1569;PAZAR
716;53;1586;MERKEZ
717;53;1796;GÜNEYSU
718;53;1908;DEREPAZARI
719;53;1943;HEMŞİN
720;53;1949;İYİDERE
721;54;1123;AKYAZI
722;54;1351;GEYVE
723;54;1391;HENDEK
724;54;1442;KARASU
725;54;1453;KAYNARCA
726;54;1595;SAPANCA
727;54;1818;KOCAALİ
728;54;1833;PAMUKOVA
729;54;1847;TARAKLI
730;54;1925;FERİZLİ
731;54;1955;KARAPÜRÇEK
732;54;1986;SÖĞÜTLÜ
733;54;2068;ADAPAZARI
734;54;2069;ARİFİYE
735;54;2070;ERENLER
736;54;2071;SERDİVAN
737;55;1125;ALAÇAM
738;55;1164;BAFRA
739;55;1234;ÇARŞAMBA
740;55;1386;HAVZA
741;55;1452;KAVAK
742;55;1501;LADİK
743;55;1676;TERME
744;55;1712;VEZİRKÖPRÜ
745;55;1763;ASARCIK
746;55;1830;19 Mayıs
747;55;1838;SALIPAZARI
748;55;1849;TEKKEKÖY
749;55;1879;AYVACIK
750;55;1993;YAKAKENT
751;55;2072;ATAKUM
752;55;2073;CANİK
753;55;2074;İLKADIM
754;56;1179;BAYKAN
755;56;1317;ERUH
756;56;1495;KURTALAN
757;56;1575;PERVARİ
758;56;1620;MERKEZ
759;56;1662;ŞİRVAN
760;56;1878;TİLLO
761;57;1156;AYANCIK
762;57;1204;BOYABAT
763;57;1290;DURAĞAN
764;57;1314;ERFELEK
765;57;1349;GERZE
766;57;1627;MERKEZ
767;57;1693;TÜRKELİ
768;57;1910;DİKMEN
769;57;1981;SARAYDÜZÜ
770;58;1282;DİVRİĞİ
771;58;1342;GEMEREK
772;58;1373;GÜRÜN
773;58;1376;HAFİK
774;58;1407;İMRANLI
775;58;1431;KANGAL
776;58;1484;KOYULHİSAR
777;58;1628;MERKEZ
778;58;1646;SUŞEHRİ
779;58;1650;ŞARKIŞLA
780;58;1731;YILDIZELİ
781;58;1738;ZARA
782;58;1870;AKINCILAR
783;58;1875;ALTINYAYLA
784;58;1913;DOĞANŞAR
785;58;1927;GÖLOVA
786;58;1991;ULAŞ
787;59;1250;ÇERKEZKÖY
788;59;1258;ÇORLU
789;59;1388;HAYRABOLU
790;59;1511;MALKARA
791;59;1538;MURATLI
792;59;1596;SARAY
793;59;1652;ŞARKÖY
794;59;1825;MARMARAEREĞLİSİ
795;59;2094;ERGENE
796;59;2095;KAPAKLI
797;59;2096;SÜLEYMANPAŞA
798;60;1129;ALMUS
799;60;1151;ARTOVA
800;60;1308;ERBAA
801;60;1545;NİKSAR
802;60;1584;REŞADİYE
803;60;1679;MERKEZ
804;60;1690;TURHAL
805;60;1740;ZİLE
806;60;1834;PAZAR
807;60;1858;YEŞİLYURT
808;60;1883;BAŞÇİFTLİK
809;60;1987;SULUSARAY
810;61;1113;AKÇAABAT
811;61;1141;ARAKLI
812;61;1150;ARSİN
813;61;1244;ÇAYKARA
814;61;1507;MAÇKA
815;61;1548;OF
816;61;1647;SÜRMENE
817;61;1681;TONYA
818;61;1709;VAKFIKEBİR
819;61;1732;YOMRA
820;61;1775;BEŞİKDÜZÜ
821;61;1842;ŞALPAZARI
822;61;1896;ÇARŞIBAŞI
823;61;1909;DERNEKPAZARI
824;61;1917;DÜZKÖY
825;61;1942;HAYRAT
826;61;1966;KÖPRÜBAŞI
827;61;2097;ORTAHİSAR
828;62;1247;ÇEMİŞGEZEK
829;62;1397;HOZAT
830;62;1518;MAZGİRT
831;62;1541;NAZIMİYE
832;62;1562;OVACIK
833;62;1574;PERTEK
834;62;1581;PÜLÜMÜR
835;62;1688;MERKEZ
836;63;1115;AKÇAKALE
837;63;1194;BİRECİK
838;63;1209;BOZOVA
839;63;1220;CEYLANPINAR
840;63;1378;HALFETİ
841;63;1393;HİLVAN
842;63;1630;SİVEREK
843;63;1643;SURUÇ
844;63;1713;VİRANŞEHİR
845;63;1800;HARRAN
846;63;2091;EYYÜBİYE
847;63;2092;HALİLİYE
848;63;2093;KARAKÖPRÜ
849;64;1170;BANAZ
850;64;1323;EŞME
851;64;1436;KARAHALLI
852;64;1629;SİVASLI
853;64;1697;ULUBEY
854;64;1704;MERKEZ
855;65;1175;BAŞKALE
856;65;1236;ÇATAK
857;65;1309;ERCİŞ
858;65;1350;GEVAŞ
859;65;1372;GÜRPINAR
860;65;1533;MURADİYE
861;65;1565;ÖZALP
862;65;1770;BAHÇESARAY
863;65;1786;ÇALDIRAN
864;65;1918;EDREMİT
865;65;1980;SARAY
866;65;2098;İPEKYOLU
867;65;2099;TUŞBA
868;66;1117;AKDAĞMADENİ
869;66;1198;BOĞAZLIYAN
870;66;1242;ÇAYIRALAN
871;66;1245;ÇEKEREK
872;66;1602;SARIKAYA
873;66;1635;SORGUN
874;66;1655;ŞEFAATLİ
875;66;1726;YERKÖY
876;66;1733;MERKEZ
877;66;1877;AYDINCIK
878;66;1895;ÇANDIR
879;66;1952;KADIŞEHRİ
880;66;1982;SARAYKENT
881;66;1998;YENİFAKILI
882;67;1240;ÇAYCUMA
883;67;1276;DEVREK
884;67;1313;EREĞLİ
885;67;1741;MERKEZ
886;67;1758;ALAPLI
887;67;1926;GÖKÇEBEY
888;67;2100;KİLİMLİ
889;67;2101;KOZLU
890;68;1120;MERKEZ
891;68;1557;ORTAKÖY
892;68;1860;AĞAÇÖREN
893;68;1861;GÜZELYURT
894;68;1866;SARIYAHŞİ
895;68;1921;ESKİL
896;68;1932;GÜLAĞAÇ
897;68;2106;SULTANHANI
898;69;1176;MERKEZ
899;69;1767;AYDINTEPE
900;69;1788;DEMİRÖZÜ
901;70;1316;ERMENEK
902;70;1439;MERKEZ
903;70;1768;AYRANCI
904;70;1862;KAZIMKARABEKİR
905;70;1884;BAŞYAYLA
906;70;1983;SARIVELİLER
907;71;1268;DELİCE
908;71;1463;KESKİN
909;71;1469;MERKEZ
910;71;1638;SULAKYURT
911;71;1880;BAHŞILI
912;71;1882;BALIŞEYH
913;71;1901;ÇELEBİ
914;71;1954;KARAKEÇİLİ
915;71;1992;YAHŞİHAN
916;72;1174;MERKEZ
917;72;1184;BEŞİRİ
918;72;1345;GERCÜŞ
919;72;1487;KOZLUK
920;72;1607;SASON
921;72;1941;HASANKEYF
922;73;1189;BEYTÜŞŞEBAP
923;73;1223;CİZRE
924;73;1403;İDİL
925;73;1623;SİLOPİ
926;73;1661;MERKEZ
927;73;1698;ULUDERE
928;73;1931;GÜÇLÜKONAK
929;74;1172;MERKEZ
930;74;1496;KURUCAŞİLE
931;74;1701;ULUS
932;74;1761;AMASRA
933;75;1144;MERKEZ
934;75;1252;ÇILDIR
935;75;1356;GÖLE
936;75;1380;HANAK
937;75;1579;POSOF
938;75;2008;DAMAL
939;76;1142;ARALIK
940;76;1398;MERKEZ
941;76;1692;TUZLUCA
942;76;2011;KARAKOYUNLU
943;77;1716;MERKEZ
944;77;2019;ALTINOVA
945;77;2020;ARMUTLU
946;77;2021;ÇINARCIK
947;77;2022;ÇİFTLİKKÖY
948;77;2026;TERMAL
949;78;1296;EFLANİ
950;78;1321;ESKİPAZAR
951;78;1433;MERKEZ
952;78;1561;OVACIK
953;78;1587;SAFRANBOLU
954;78;1856;YENİCE
955;79;1476;MERKEZ
956;79;2023;ELBEYLİ
957;79;2024;MUSABEYLİ
958;79;2025;POLATELİ
959;80;1165;BAHÇE
960;80;1423;KADİRLİ
961;80;1560;MERKEZ
962;80;1743;DÜZİÇİ
963;80;2027;HASANBEYLİ
964;80;2028;SUMBAS
965;80;2029;TOPRAKKALE
966;81;1116;AKÇAKOCA
967;81;1292;MERKEZ
968;81;1730;YIĞILCA
969;81;1784;CUMAYERİ
970;81;1794;GÖLYAKA
971;81;1905;ÇİLİMLİ
972;81;2017;GÜMÜŞOVA
973;81;2031;KAYNAŞLI
